id,Name,Body,Image
0,Deadpool,Deadpool approves of your CSV export!,https://media.giphy.com/media/l0MYDGA3Du1hBR4xG/giphy.gif
1,Giraff,Here is a picture of a giraffe ...,https://media.giphy.com/media/87b6nMODb7jY60Nw9W/giphy.gif
2,Best Ever,<strong>BEST. CSV. FILE. EVER!</strong>,https://media.giphy.com/media/26uf46Qn9snLBDfwc/giphy.gif
3,Koolaid,Ohhh Yeaah!!! Here is your CSV file!,https://media.giphy.com/media/aTx5OMKR7FCGQ/giphy.gif
4,Youre Welcome,Here is your CSV file made with Power Scripts. You're welcome.,https://media.giphy.com/media/3o85xwxr06YNoFdSbm/giphy.gif
5,Good Job,"Hey, good job on exporting that CSV file.",https://media.giphy.com/media/jL6OeIhk3zPi/giphy.gif
6,Aliens,There is no proof that this CSV file was exported using Power Scripts so?,https://media.giphy.com/media/3oEjI789af0AVurF60/giphy.gif
7,So Beautiful,Most. Beautiful. CSV. Ever.,https://media.giphy.com/media/V4Qwt8nNaf2xO/giphy.gif
8,Don?t Believe,This CSV file will self desctruct in 30 seconds.,https://media.giphy.com/media/UTm86phGUMMQE/giphy.gif
9,Emotions,"Hey, this CSV file loves you.",https://media.giphy.com/media/BHWdExao0vcbu/giphy.gif
10,Minion What,"Here is the CSV file, can you believe it?",https://media.giphy.com/media/XQvhpuryrPGnK/giphy.gif
11,Homer Crazy,No TV and no beer make this CSV export crazy.,https://media.giphy.com/media/7JbMfrLQJmxUc/giphy.gif
12,Mind Blown,The fact that Power Scripts exported this CSV file blows my mind.,https://media.giphy.com/media/1hAY6PJUCjMZiNjvuo/giphy.gif
13,Van River,If it wasn't for the fact that Power Scripts can export the CSV file you would be living in a <strong>van</strong> down by the <strong>RIVER</stong>!,https://media.giphy.com/media/NeKB8ZR67TuV2/giphy.gif
14,Yoda Dance,"Makes me boogy, exported CSV file does.",https://media.giphy.com/media/6fScAIQR0P0xW/giphy.gif
15,Yoda Found,Looking for your exported CSV file?,https://media.giphy.com/media/1or67hmpL7mRW/giphy.gif
16,Do Something,You have the CSV data now do something!,https://media.giphy.com/media/3ohc18sHy1xW3UEHD2/giphy.gif
17,Voodoo,Take this CSV file and go do your voodoo.,https://media.giphy.com/media/V2Ylf5EhsUPMQ/giphy.gif
18,Looky Here,I reckon I found ya'll CSV file here.,https://media.giphy.com/media/2zZ96haEURADC/giphy.gif
19,Never Ending Story,"Remember that time we defeated our enemies on a magic flying dragon? Dog? Thing? Me either, just take the CSV file already.",https://media.giphy.com/media/vMEjhlxsBR7Fe/giphy.gif